ID,Symbol,Type,ISIN,Currency,CurrentPrice,Date,1D%,1W%,1M%,YTD%,52W_Low,52W_High,Vol30d%,RSI14,MACD,MA50,MA200,Source,FetchTime
1,SAP,Aktie,DE0007164600,EUR,[API],[API],[API],[API],[API],[API],[API],[API],[API],[API],[API],[API],[API],Yahoo Finance,[API]
2,SIE,Aktie,DE0007236101,EUR,[API],[API],[API],[API],[API],[API],[API],[API],[API],[API],[API],[API],[API],Yahoo Finance,[API]
3,ALV,Aktie,DE0008404005,EUR,[API],[API],[API],[API],[API],[API],[API],[API],[API],[API],[API],[API],[API],Yahoo Finance,[API]
4,AAPL,Aktie,US0378331005,USD,[API],[API],[API],[API],[API],[API],[API],[API],[API],[API],[API],[API],[API],Yahoo Finance,[API]
5,MSFT,Aktie,US5949181045,USD,[API],[API],[API],[API],[API],[API],[API],[API],[API],[API],[API],[API],[API],Yahoo Finance,[API]
6,EUNL,ETF,IE00B4L5Y983,EUR,[API],[API],[API],[API],[API],[API],[API],[API],[API],[API],[API],[API],[API],justetf.com,[API]
7,EXS1,ETF,DE0005933931,EUR,[API],[API],[API],[API],[API],[API],[API],[API],[API],[API],[API],[API],[API],justetf.com,[API]
8,VUAA,ETF,IE00BFMXXD54,EUR,[API],[API],[API],[API],[API],[API],[API],[API],[API],[API],[API],[API],[API],justetf.com,[API]
9,BUND10,Anleihe,N/A,EUR,[Rendite%],[API],[API],[API],[API],N/A,N/A,N/A,N/A,N/A,N/A,N/A,N/A,Bundesbank,[API]
10,ESTX50B,Anleihe-Index,N/A,EUR,[Rendite%],[API],[API],[API],[API],N/A,N/A,N/A,N/A,N/A,N/A,N/A,N/A,Bloomberg,[API]
11,XAU/EUR,Edelmetall,N/A,EUR,[API],[API],[API],[API],[API],N/A,[API],[API],N/A,N/A,N/A,N/A,N/A,bullion.de,[API]
12,XAG/EUR,Edelmetall,N/A,EUR,[API],[API],[API],[API],[API],N/A,[API],[API],N/A,N/A,N/A,N/A,N/A,bullion.de,[API]
13,BTC/EUR,Krypto,N/A,EUR,[API],[API],[API],[API],[API],N/A,[API],[API],N/A,N/A,N/A,N/A,N/A,CoinMarketCap,[API]
14,ETH/EUR,Krypto,N/A,EUR,[API],[API],[API],[API],[API],N/A,[API],[API],N/A,N/A,N/A,N/A,N/A,CoinMarketCap,[API]